tic,date,gvkeyx,Closing Price,Daily High,Daily Low
I0003,29-12-23,3,4769.83,4788.43,4751.99
I0003,28-12-23,3,4783.35,4793.3,4780.98
I0003,27-12-23,3,4781.58,4785.39,4768.9
I0003,26-12-23,3,4774.75,4784.72,4758.45
I0003,22-12-23,3,4754.63,4772.94,4736.77
I0003,21-12-23,3,4746.75,4748.71,4708.35
I0003,20-12-23,3,4698.35,4778.01,4697.82
I0003,19-12-23,3,4768.37,4768.69,4743.72
I0003,18-12-23,3,4740.56,4749.52,4725.58
I0003,15-12-23,3,4719.19,4725.53,4704.69
I0003,14-12-23,3,4719.55,4738.57,4694.34
I0003,13-12-23,3,4707.09,4709.69,4643.23
I0003,12-12-23,3,4643.7,4643.93,4608.09
I0003,11-12-23,3,4622.44,4623.71,4593.39
I0003,08-12-23,3,4604.37,4609.23,4574.06
I0003,07-12-23,3,4585.59,4590.92,4565.22
I0003,06-12-23,3,4549.34,4590.74,4546.5
I0003,05-12-23,3,4567.18,4578.56,4551.68
I0003,04-12-23,3,4569.78,4572.37,4546.72
I0003,01-12-23,3,4594.63,4599.39,4554.71
I0003,30-11-23,3,4567.8,4569.89,4537.24
I0003,29-11-23,3,4550.58,4587.64,4547.15
I0003,28-11-23,3,4554.89,4568.14,4540.51
I0003,27-11-23,3,4550.43,4560.52,4546.32
I0003,24-11-23,3,4559.34,4560.31,4552.8
I0003,22-11-23,3,4556.62,4568.43,4545.05
I0003,21-11-23,3,4538.19,4542.14,4525.51
I0003,20-11-23,3,4547.38,4557.11,4510.36
I0003,17-11-23,3,4514.02,4520.12,4499.66
I0003,16-11-23,3,4508.24,4511.99,4487.83
I0003,15-11-23,3,4502.88,4521.17,4495.31
I0003,14-11-23,3,4495.7,4508.67,4458.97
I0003,13-11-23,3,4411.55,4421.76,4393.82
I0003,10-11-23,3,4415.24,4418.03,4353.34
I0003,09-11-23,3,4347.35,4393.4,4343.94
I0003,08-11-23,3,4382.78,4391.2,4359.76
I0003,07-11-23,3,4378.38,4386.26,4355.41
I0003,06-11-23,3,4365.98,4372.21,4347.53
I0003,03-11-23,3,4358.34,4373.62,4334.23
I0003,02-11-23,3,4317.78,4319.72,4268.26
I0003,01-11-23,3,4237.86,4245.64,4197.74
I0003,31-10-23,3,4193.8,4195.55,4153.12
I0003,30-10-23,3,4166.82,4177.47,4132.94
I0003,27-10-23,3,4117.37,4156.7,4103.78
I0003,26-10-23,3,4137.23,4183.6,4127.9
I0003,25-10-23,3,4186.77,4232.42,4181.42
I0003,24-10-23,3,4247.68,4259.38,4219.43
I0003,23-10-23,3,4217.04,4255.84,4189.22
I0003,20-10-23,3,4224.16,4276.56,4223.03
I0003,19-10-23,3,4278,4339.54,4269.69
I0003,18-10-23,3,4314.6,4364.2,4303.84
I0003,17-10-23,3,4373.2,4393.57,4337.54
I0003,16-10-23,3,4373.63,4383.33,4342.37
I0003,13-10-23,3,4327.78,4377.1,4311.97
I0003,12-10-23,3,4349.61,4385.85,4325.43
I0003,11-10-23,3,4376.95,4378.64,4345.34
I0003,10-10-23,3,4358.24,4385.46,4339.64
I0003,09-10-23,3,4335.66,4341.73,4283.79
I0003,06-10-23,3,4308.5,4324.1,4219.55
I0003,05-10-23,3,4258.19,4267.13,4225.91
I0003,04-10-23,3,4263.75,4268.5,4220.48
I0003,03-10-23,3,4229.45,4281.15,4216.45
I0003,02-10-23,3,4288.39,4300.58,4260.21
I0003,29-09-23,3,4288.05,4333.15,4274.86
I0003,28-09-23,3,4299.7,4317.27,4264.38
I0003,27-09-23,3,4274.51,4292.07,4238.63
I0003,26-09-23,3,4273.53,4313.01,4265.98
I0003,25-09-23,3,4337.44,4338.51,4302.7
I0003,22-09-23,3,4320.06,4357.4,4316.49
I0003,21-09-23,3,4330,4375.7,4329.17
I0003,20-09-23,3,4402.2,4461.03,4401.38
I0003,19-09-23,3,4443.95,4449.85,4416.61
I0003,18-09-23,3,4453.53,4466.36,4442.11
I0003,15-09-23,3,4450.32,4497.98,4447.21
I0003,14-09-23,3,4505.1,4511.99,4478.69
I0003,13-09-23,3,4467.44,4479.39,4453.52
I0003,12-09-23,3,4461.9,4487.11,4456.83
I0003,11-09-23,3,4487.46,4490.77,4467.89
I0003,08-09-23,3,4457.49,4473.53,4448.38
I0003,07-09-23,3,4451.14,4457.81,4430.46
I0003,06-09-23,3,4465.48,4490.35,4442.38
I0003,05-09-23,3,4496.83,4514.29,4496.01
I0003,01-09-23,3,4515.77,4541.25,4501.35
I0003,31-08-23,3,4507.66,4532.26,4507.39
I0003,30-08-23,3,4514.87,4521.65,4493.59
I0003,29-08-23,3,4497.63,4500.14,4431.68
I0003,28-08-23,3,4433.31,4439.56,4414.98
I0003,25-08-23,3,4405.71,4418.46,4356.29
I0003,24-08-23,3,4376.31,4458.3,4375.55
I0003,23-08-23,3,4436.01,4443.18,4396.44
I0003,22-08-23,3,4387.55,4418.59,4382.77
I0003,21-08-23,3,4399.77,4407.55,4360.3
I0003,18-08-23,3,4369.71,4381.82,4335.31
I0003,17-08-23,3,4370.36,4421.17,4364.83
I0003,16-08-23,3,4404.33,4449.95,4403.55
I0003,15-08-23,3,4437.86,4478.87,4432.19
I0003,14-08-23,3,4489.72,4490.33,4453.44
I0003,11-08-23,3,4464.05,4476.23,4443.98
I0003,10-08-23,3,4468.83,4527.37,4457.92
I0003,09-08-23,3,4467.71,4502.44,4461.33
I0003,08-08-23,3,4499.38,4503.31,4464.39
I0003,07-08-23,3,4518.44,4519.84,4491.15
I0003,04-08-23,3,4478.03,4540.34,4474.55
I0003,03-08-23,3,4501.89,4519.49,4485.54
I0003,02-08-23,3,4513.39,4550.93,4505.75
I0003,01-08-23,3,4576.73,4584.62,4567.53
I0003,31-07-23,3,4588.96,4594.22,4573.14
I0003,28-07-23,3,4582.23,4590.16,4564.01
I0003,27-07-23,3,4537.41,4607.07,4528.56
I0003,26-07-23,3,4566.75,4582.47,4547.58
I0003,25-07-23,3,4567.46,4580.62,4552.42
I0003,24-07-23,3,4554.64,4563.41,4541.29
I0003,21-07-23,3,4536.34,4555,4535.79
I0003,20-07-23,3,4534.87,4564.74,4527.56
I0003,19-07-23,3,4565.72,4578.43,4557.48
I0003,18-07-23,3,4554.98,4562.3,4514.59
I0003,17-07-23,3,4522.79,4532.85,4504.9
I0003,14-07-23,3,4505.42,4527.76,4499.56
I0003,13-07-23,3,4510.04,4517.38,4489.36
I0003,12-07-23,3,4472.16,4488.34,4463.23
I0003,11-07-23,3,4439.26,4443.64,4408.46
I0003,10-07-23,3,4409.53,4412.6,4389.92
I0003,07-07-23,3,4398.95,4440.39,4397.4
I0003,06-07-23,3,4411.59,4422.62,4385.05
I0003,05-07-23,3,4446.82,4454.06,4436.61
I0003,03-07-23,3,4455.59,4456.46,4442.29
I0003,30-06-23,3,4450.38,4458.48,4422.44
I0003,29-06-23,3,4396.44,4398.39,4371.97
I0003,28-06-23,3,4376.86,4390.35,4360.22
I0003,27-06-23,3,4378.41,4384.42,4335
I0003,26-06-23,3,4328.82,4362.06,4328.08
I0003,23-06-23,3,4348.33,4366.55,4341.34
I0003,22-06-23,3,4381.89,4382.25,4351.82
I0003,21-06-23,3,4365.69,4386.22,4360.14
I0003,20-06-23,3,4388.71,4400.15,4367.19
I0003,16-06-23,3,4409.59,4448.47,4407.44
I0003,15-06-23,3,4425.84,4439.2,4362.6
I0003,14-06-23,3,4372.59,4391.82,4337.85
I0003,13-06-23,3,4369.01,4375.37,4349.31
I0003,12-06-23,3,4338.93,4340.13,4304.37
I0003,09-06-23,3,4298.86,4322.62,4291.7
I0003,08-06-23,3,4293.93,4298.01,4261.07
I0003,07-06-23,3,4267.52,4299.19,4263.96
I0003,06-06-23,3,4283.85,4288.33,4263.09
I0003,05-06-23,3,4273.79,4299.28,4266.82
I0003,02-06-23,3,4282.37,4290.67,4241.01
I0003,01-06-23,3,4221.02,4232.43,4171.64
I0003,31-05-23,3,4179.83,4195.44,4166.15
I0003,30-05-23,3,4205.52,4231.1,4192.18
I0003,26-05-23,3,4205.45,4212.87,4156.16
I0003,25-05-23,3,4151.28,4165.74,4129.73
I0003,24-05-23,3,4115.24,4132.96,4103.98
I0003,23-05-23,3,4145.58,4185.68,4142.54
I0003,22-05-23,3,4192.63,4209.22,4179.68
I0003,19-05-23,3,4191.98,4212.91,4180.2
I0003,18-05-23,3,4198.05,4202.2,4153.5
I0003,17-05-23,3,4158.77,4164.67,4113.62
I0003,16-05-23,3,4109.9,4135.54,4109.86
I0003,15-05-23,3,4136.28,4141.25,4110.27
I0003,12-05-23,3,4124.08,4143.74,4099.12
I0003,11-05-23,3,4130.62,4132.8,4109.29
I0003,10-05-23,3,4137.64,4154.28,4098.92
I0003,09-05-23,3,4119.17,4130.35,4116.65
I0003,08-05-23,3,4138.12,4142.3,4123.81
I0003,05-05-23,3,4136.25,4147.02,4084.73
I0003,04-05-23,3,4061.22,4082.61,4048.28
I0003,03-05-23,3,4090.75,4148.3,4088.86
I0003,02-05-23,3,4119.58,4164.1,4089.72
I0003,01-05-23,3,4167.87,4186.92,4164.12
I0003,28-04-23,3,4169.48,4170.06,4127.18
I0003,27-04-23,3,4135.35,4138.24,4075.29
I0003,26-04-23,3,4055.99,4089.67,4049.35
I0003,25-04-23,3,4071.63,4126.43,4071.38
I0003,24-04-23,3,4137.04,4142.41,4117.77
I0003,21-04-23,3,4133.52,4138.02,4113.86
I0003,20-04-23,3,4129.79,4148.57,4114.57
I0003,19-04-23,3,4154.52,4162.57,4134.49
I0003,18-04-23,3,4154.87,4169.48,4140.36
I0003,17-04-23,3,4151.32,4151.72,4123.18
I0003,14-04-23,3,4137.64,4163.19,4113.2
I0003,13-04-23,3,4146.22,4150.26,4099.4
I0003,12-04-23,3,4091.95,4134.37,4086.94
I0003,11-04-23,3,4108.94,4124.26,4102.61
I0003,10-04-23,3,4109.11,4109.5,4072.55
I0003,06-04-23,3,4105.02,4107.32,4069.84
I0003,05-04-23,3,4090.38,4099.69,4072.56
I0003,04-04-23,3,4100.6,4133.13,4086.87
I0003,03-04-23,3,4124.51,4127.66,4098.79
I0003,31-03-23,3,4109.31,4110.75,4056.18
I0003,30-03-23,3,4050.83,4057.85,4032.1
I0003,29-03-23,3,4027.81,4030.59,3999.53
I0003,28-03-23,3,3971.27,3979.2,3951.53
I0003,27-03-23,3,3977.53,4003.83,3970.49
I0003,24-03-23,3,3970.99,3972.74,3909.16
I0003,23-03-23,3,3948.72,4007.66,3919.05
I0003,22-03-23,3,3936.97,4039.49,3936.17
I0003,21-03-23,3,4002.87,4009.08,3971.19
I0003,20-03-23,3,3951.57,3956.62,3916.89
I0003,17-03-23,3,3916.64,3958.91,3901.27
I0003,16-03-23,3,3960.28,3964.46,3864.11
I0003,15-03-23,3,3891.93,3894.26,3838.24
I0003,14-03-23,3,3919.29,3937.29,3873.63
I0003,13-03-23,3,3855.76,3905.05,3808.86
I0003,10-03-23,3,3861.59,3934.05,3846.32
I0003,09-03-23,3,3918.32,4017.81,3908.7
I0003,08-03-23,3,3992.01,4000.41,3969.76
I0003,07-03-23,3,3986.37,4050,3980.31
I0003,06-03-23,3,4048.42,4078.49,4044.61
I0003,03-03-23,3,4045.64,4048.29,3995.17
I0003,02-03-23,3,3981.35,3990.84,3928.16
I0003,01-03-23,3,3951.39,3971.73,3939.05
I0003,28-02-23,3,3970.15,3997.5,3968.98
I0003,27-02-23,3,3982.24,4018.05,3973.55
I0003,24-02-23,3,3970.04,3978.25,3943.08
I0003,23-02-23,3,4012.32,4028.3,3969.19
I0003,22-02-23,3,3991.05,4017.37,3976.9
I0003,21-02-23,3,3997.34,4052.35,3995.19
I0003,17-02-23,3,4079.09,4081.51,4047.95
I0003,16-02-23,3,4090.41,4136.54,4089.49
I0003,15-02-23,3,4147.6,4148.11,4103.98
I0003,14-02-23,3,4136.13,4159.77,4095.01
I0003,13-02-23,3,4137.29,4138.9,4092.67
I0003,10-02-23,3,4090.46,4094.36,4060.79
I0003,09-02-23,3,4081.5,4156.23,4069.67
I0003,08-02-23,3,4117.86,4156.85,4111.67
I0003,07-02-23,3,4164,4176.54,4088.39
I0003,06-02-23,3,4111.08,4124.63,4093.38
I0003,03-02-23,3,4136.48,4182.36,4123.36
I0003,02-02-23,3,4179.76,4195.44,4141.88
I0003,01-02-23,3,4119.21,4148.95,4037.2
I0003,31-01-23,3,4076.6,4077.16,4020.44
I0003,30-01-23,3,4017.77,4063.85,4015.55
I0003,27-01-23,3,4070.56,4094.21,4048.7
I0003,26-01-23,3,4060.43,4061.57,4013.29
I0003,25-01-23,3,4016.22,4019.55,3949.06
I0003,24-01-23,3,4016.95,4023.92,3989.79
I0003,23-01-23,3,4019.81,4039.31,3971.64
I0003,20-01-23,3,3972.61,3972.96,3897.86
I0003,19-01-23,3,3898.85,3922.94,3885.54
I0003,18-01-23,3,3928.86,4014.16,3926.59
I0003,17-01-23,3,3990.97,4015.39,3984.57
I0003,13-01-23,3,3999.09,4003.95,3947.67
I0003,12-01-23,3,3983.17,3997.76,3937.56
I0003,11-01-23,3,3969.61,3970.07,3928.54
I0003,10-01-23,3,3919.25,3919.83,3877.29
I0003,09-01-23,3,3892.09,3950.57,3890.42
I0003,06-01-23,3,3895.08,3906.19,3809.56
I0003,05-01-23,3,3808.1,3839.74,3802.42
I0003,04-01-23,3,3852.97,3873.16,3815.77
I0003,03-01-23,3,3824.14,3878.46,3794.33
I0003,30-12-22,3,3839.5,3839.85,3800.34
I0003,29-12-22,3,3849.28,3858.19,3805.45
I0003,28-12-22,3,3783.22,3848.32,3780.78
I0003,27-12-22,3,3829.25,3846.65,3813.22
I0003,23-12-22,3,3844.82,3845.8,3797.01
I0003,22-12-22,3,3822.39,3853.26,3764.49
I0003,21-12-22,3,3878.44,3889.82,3839.49
I0003,20-12-22,3,3821.62,3838.24,3795.62
I0003,19-12-22,3,3817.66,3854.86,3800.04
I0003,16-12-22,3,3852.36,3890.91,3827.91
I0003,15-12-22,3,3895.75,3958.37,3879.45
I0003,14-12-22,3,3995.32,4053.76,3965.65
I0003,13-12-22,3,4019.65,4100.96,3993.03
I0003,12-12-22,3,3990.56,3990.71,3935.3
I0003,09-12-22,3,3934.38,3977.02,3933.04
I0003,08-12-22,3,3963.51,3974.19,3935.83
I0003,07-12-22,3,3933.92,3957.57,3922.68
I0003,06-12-22,3,3941.26,4001.51,3918.39
I0003,05-12-22,3,3998.84,4052.45,3984.49
I0003,02-12-22,3,4071.7,4080.48,4026.63
I0003,01-12-22,3,4076.57,4100.51,4050.87
I0003,30-11-22,3,4080.11,4080.11,3938.58
I0003,29-11-22,3,3957.63,3976.77,3937.65
I0003,28-11-22,3,3963.94,4012.27,3955.77
I0003,25-11-22,3,4026.12,4034.02,4020.76
I0003,23-11-22,3,4027.26,4033.78,3998.66
I0003,22-11-22,3,4003.58,4005.88,3956.88
I0003,21-11-22,3,3949.94,3962,3933.34
I0003,18-11-22,3,3965.34,3979.89,3935.98
I0003,17-11-22,3,3946.56,3954.33,3906.54
I0003,16-11-22,3,3958.79,3983.09,3954.34
I0003,15-11-22,3,3991.73,4028.84,3953.17
I0003,14-11-22,3,3957.25,4008.97,3956.4
I0003,11-11-22,3,3992.93,4001.48,3944.82
I0003,10-11-22,3,3956.37,3958.33,3859.89
I0003,09-11-22,3,3748.57,3818.2,3744.22
I0003,08-11-22,3,3828.11,3859.4,3786.28
I0003,07-11-22,3,3806.8,3813.95,3764.7
I0003,04-11-22,3,3770.55,3796.34,3708.84
I0003,03-11-22,3,3719.89,3750.59,3698.15
I0003,02-11-22,3,3759.69,3894.44,3758.68
I0003,01-11-22,3,3856.1,3911.79,3843.8
I0003,31-10-22,3,3871.98,3893.73,3863.18
I0003,28-10-22,3,3901.06,3905.42,3808.26
I0003,27-10-22,3,3807.3,3859.95,3803.79
I0003,26-10-22,3,3830.6,3886.15,3824.07
I0003,25-10-22,3,3859.11,3862.85,3799.44
I0003,24-10-22,3,3797.34,3810.74,3741.65
I0003,21-10-22,3,3752.75,3757.89,3647.42
I0003,20-10-22,3,3665.78,3736,3656.44
I0003,19-10-22,3,3695.16,3728.58,3666.51
I0003,18-10-22,3,3719.98,3762.79,3686.53
I0003,17-10-22,3,3677.95,3689.73,3677.95
I0003,14-10-22,3,3583.07,3712,3579.68
I0003,13-10-22,3,3669.91,3685.41,3491.58
I0003,12-10-22,3,3577.03,3608.34,3573.86
I0003,11-10-22,3,3588.84,3640.66,3568.45
I0003,10-10-22,3,3612.39,3652.17,3588.1
I0003,07-10-22,3,3639.66,3706.74,3620.73
I0003,06-10-22,3,3744.52,3797.93,3739.22
I0003,05-10-22,3,3783.28,3806.91,3722.66
I0003,04-10-22,3,3790.93,3791.92,3726.46
I0003,03-10-22,3,3678.43,3698.35,3604.93
I0003,30-09-22,3,3585.62,3671.44,3584.13
I0003,29-09-22,3,3640.47,3687.01,3610.4
I0003,28-09-22,3,3719.04,3736.74,3640.61
I0003,27-09-22,3,3647.29,3717.53,3623.29
I0003,26-09-22,3,3655.04,3715.67,3644.76
I0003,23-09-22,3,3693.23,3727.14,3647.47
I0003,22-09-22,3,3757.99,3790.9,3749.45
I0003,21-09-22,3,3789.93,3907.07,3789.49
I0003,20-09-22,3,3855.93,3876.01,3827.54
I0003,19-09-22,3,3899.89,3900.45,3838.5
I0003,16-09-22,3,3873.33,3880.95,3837.08
I0003,15-09-22,3,3901.35,3959.14,3888.28
I0003,14-09-22,3,3946.01,3961.94,3912.18
I0003,13-09-22,3,3932.69,4037.12,3921.28
I0003,12-09-22,3,4110.41,4119.28,4083.67
I0003,09-09-22,3,4067.36,4076.81,4022.94
I0003,08-09-22,3,4006.18,4010.5,3944.81
I0003,07-09-22,3,3979.87,3987.89,3906.03
I0003,06-09-22,3,3908.19,3942.55,3886.75
I0003,02-09-22,3,3924.26,4018.43,3906.21
I0003,01-09-22,3,3966.85,3970.23,3903.65
I0003,31-08-22,3,3955,4015.37,3954.53
I0003,30-08-22,3,3986.16,4044.98,3965.21
I0003,29-08-22,3,4030.61,4062.99,4017.42
I0003,26-08-22,3,4057.66,4203.04,4057.66
I0003,25-08-22,3,4199.12,4200.54,4147.59
I0003,24-08-22,3,4140.77,4156.56,4119.97
I0003,23-08-22,3,4128.73,4159.77,4124.03
I0003,22-08-22,3,4137.99,4195.08,4129.86
I0003,19-08-22,3,4228.48,4266.31,4218.7
I0003,18-08-22,3,4283.74,4292.53,4261.98
I0003,17-08-22,3,4274.04,4302.18,4253.08
I0003,16-08-22,3,4305.2,4325.28,4277.77
I0003,15-08-22,3,4297.14,4301.79,4256.9
I0003,12-08-22,3,4280.15,4280.47,4219.78
I0003,11-08-22,3,4207.27,4257.91,4201.41
I0003,10-08-22,3,4210.24,4211.03,4177.26
I0003,09-08-22,3,4122.47,4137.3,4112.09
I0003,08-08-22,3,4140.06,4186.62,4128.97
I0003,05-08-22,3,4145.19,4151.58,4107.31
I0003,04-08-22,3,4151.94,4161.29,4135.42
I0003,03-08-22,3,4155.17,4167.66,4107.96
I0003,02-08-22,3,4091.19,4140.47,4079.81
I0003,01-08-22,3,4118.63,4144.95,4096.02
I0003,29-07-22,3,4130.29,4140.15,4079.22
I0003,28-07-22,3,4072.43,4078.95,3992.97
I0003,27-07-22,3,4023.61,4039.56,3951.43
I0003,26-07-22,3,3921.05,3953.22,3910.74
I0003,25-07-22,3,3966.84,3975.3,3943.46
I0003,22-07-22,3,3961.63,4012.44,3938.86
I0003,21-07-22,3,3998.95,3999.29,3927.64
I0003,20-07-22,3,3959.9,3974.13,3922.03
I0003,19-07-22,3,3936.69,3939.81,3860.73
I0003,18-07-22,3,3830.85,3902.44,3818.63
I0003,15-07-22,3,3863.16,3863.62,3817.18
I0003,14-07-22,3,3790.38,3796.41,3721.56
I0003,13-07-22,3,3801.78,3829.44,3759.07
I0003,12-07-22,3,3818.8,3873.41,3802.36
I0003,11-07-22,3,3854.43,3880.94,3847.22
I0003,08-07-22,3,3899.38,3918.5,3869.34
I0003,07-07-22,3,3902.62,3910.63,3858.85
I0003,06-07-22,3,3845.08,3870.91,3809.37
I0003,05-07-22,3,3831.39,3832.19,3742.06
I0003,01-07-22,3,3825.33,3829.82,3752.1
I0003,30-06-22,3,3785.38,3818.99,3738.67
I0003,29-06-22,3,3818.83,3836.5,3799.02
I0003,28-06-22,3,3821.55,3945.86,3820.14
I0003,27-06-22,3,3900.11,3927.72,3889.66
I0003,24-06-22,3,3911.74,3913.65,3821.75
I0003,23-06-22,3,3795.73,3802.58,3743.52
I0003,22-06-22,3,3759.89,3801.79,3717.69
I0003,21-06-22,3,3764.79,3779.65,3715.31
I0003,17-06-22,3,3674.84,3707.71,3636.87
I0003,16-06-22,3,3666.77,3728.18,3639.77
I0003,15-06-22,3,3789.99,3837.56,3722.3
I0003,14-06-22,3,3735.48,3778.18,3705.68
I0003,13-06-22,3,3749.63,3838.15,3734.3
I0003,10-06-22,3,3900.86,3974.39,3900.16
I0003,09-06-22,3,4017.82,4119.1,4017.17
I0003,08-06-22,3,4115.77,4160.14,4107.2
I0003,07-06-22,3,4160.68,4164.86,4080.19
I0003,06-06-22,3,4121.43,4168.78,4109.18
I0003,03-06-22,3,4108.54,4142.67,4098.67
I0003,02-06-22,3,4176.82,4177.51,4074.37
I0003,01-06-22,3,4101.23,4166.54,4073.85
I0003,31-05-22,3,4132.15,4168.34,4104.88
I0003,27-05-22,3,4158.24,4158.49,4077.43
I0003,26-05-22,3,4057.84,4075.14,3984.6
I0003,25-05-22,3,3978.73,3999.33,3925.03
I0003,24-05-22,3,3941.48,3955.68,3875.13
I0003,23-05-22,3,3973.75,3981.88,3909.04
I0003,20-05-22,3,3901.36,3943.42,3810.32
I0003,19-05-22,3,3900.79,3945.96,3876.58
I0003,18-05-22,3,3923.68,4051.98,3911.91
I0003,17-05-22,3,4088.85,4090.72,4033.93
I0003,16-05-22,3,4008.01,4046.46,3983.99
I0003,13-05-22,3,4023.89,4038.88,3963.9
I0003,12-05-22,3,3930.08,3964.8,3858.87
I0003,11-05-22,3,3935.18,4049.09,3928.82
I0003,10-05-22,3,4001.05,4068.82,3958.17
I0003,09-05-22,3,3991.24,4081.27,3975.48
I0003,06-05-22,3,4123.34,4157.69,4067.91
I0003,05-05-22,3,4146.87,4270.43,4106.01
I0003,04-05-22,3,4300.17,4307.66,4148.91
I0003,03-05-22,3,4175.48,4200.1,4147.08
I0003,02-05-22,3,4155.38,4169.81,4062.51
I0003,29-04-22,3,4131.93,4269.68,4124.28
I0003,28-04-22,3,4287.5,4308.45,4188.63
I0003,27-04-22,3,4183.96,4240.71,4162.9
I0003,26-04-22,3,4175.2,4278.14,4175.04
I0003,25-04-22,3,4296.12,4299.02,4200.82
I0003,22-04-22,3,4271.78,4385.83,4267.62
I0003,21-04-22,3,4393.66,4512.94,4384.47
I0003,20-04-22,3,4459.45,4488.29,4448.76
I0003,19-04-22,3,4462.21,4471.03,4390.63
I0003,18-04-22,3,4391.69,4410.31,4370.3
I0003,14-04-22,3,4392.59,4460.46,4390.77
I0003,13-04-22,3,4446.59,4453.92,4392.7
I0003,12-04-22,3,4397.45,4471,4381.34
I0003,11-04-22,3,4412.53,4464.35,4408.38
I0003,08-04-22,3,4488.28,4520.41,4474.6
I0003,07-04-22,3,4500.21,4521.16,4450.3
I0003,06-04-22,3,4481.15,4503.94,4450.04
I0003,05-04-22,3,4525.12,4593.45,4514.17
I0003,04-04-22,3,4582.64,4583.5,4539.21
I0003,01-04-22,3,4545.86,4548.7,4507.57
I0003,31-03-22,3,4530.41,4603.07,4530.41
I0003,30-03-22,3,4602.45,4627.77,4581.32
I0003,29-03-22,3,4631.6,4637.3,4589.66
I0003,28-03-22,3,4575.52,4575.65,4517.69
I0003,25-03-22,3,4543.06,4546.03,4501.07
I0003,24-03-22,3,4520.16,4520.58,4465.17
I0003,23-03-22,3,4456.24,4501.07,4455.81
I0003,22-03-22,3,4511.61,4522,4469.1
I0003,21-03-22,3,4461.18,4481.75,4424.3
I0003,18-03-22,3,4463.12,4465.4,4390.57
I0003,17-03-22,3,4411.67,4412.67,4335.65
I0003,16-03-22,3,4357.86,4358.9,4251.99
I0003,15-03-22,3,4262.45,4271.05,4187.9
I0003,14-03-22,3,4173.11,4247.57,4161.72
I0003,11-03-22,3,4204.31,4291.01,4200.49
I0003,10-03-22,3,4259.52,4268.28,4209.8
I0003,09-03-22,3,4277.88,4299.4,4223.1
I0003,08-03-22,3,4170.7,4276.94,4157.87
I0003,07-03-22,3,4201.09,4327.01,4199.85
I0003,04-03-22,3,4328.87,4342.12,4284.98
I0003,03-03-22,3,4363.49,4416.78,4345.56
I0003,02-03-22,3,4386.54,4401.48,4322.56
I0003,01-03-22,3,4306.26,4378.45,4279.54
I0003,28-02-22,3,4373.94,4388.84,4315.12
I0003,25-02-22,3,4384.65,4385.34,4286.83
I0003,24-02-22,3,4288.7,4294.73,4114.65
I0003,23-02-22,3,4225.5,4341.51,4221.51
I0003,22-02-22,3,4304.76,4362.12,4267.11
I0003,18-02-22,3,4348.87,4394.6,4327.22
I0003,17-02-22,3,4380.26,4456.06,4373.81
I0003,16-02-22,3,4475.01,4489.55,4429.68
I0003,15-02-22,3,4471.07,4472.77,4429.28
I0003,14-02-22,3,4401.67,4426.22,4364.84
I0003,11-02-22,3,4418.64,4526.33,4401.41
I0003,10-02-22,3,4504.08,4588.92,4484.31
I0003,09-02-22,3,4587.18,4590.03,4547
I0003,08-02-22,3,4521.54,4531.32,4465.4
I0003,07-02-22,3,4483.87,4521.86,4471.47
I0003,04-02-22,3,4500.53,4539.66,4451.5
I0003,03-02-22,3,4477.44,4542.88,4470.39
I0003,02-02-22,3,4589.38,4595.31,4544.32
I0003,01-02-22,3,4546.54,4550.49,4483.53
I0003,31-01-22,3,4515.55,4516.89,4414.02
I0003,28-01-22,3,4431.85,4432.72,4292.46
I0003,27-01-22,3,4326.51,4428.74,4309.5
I0003,26-01-22,3,4349.93,4453.23,4304.8
I0003,25-01-22,3,4356.45,4411.01,4287.11
I0003,24-01-22,3,4410.13,4417.35,4222.62
I0003,21-01-22,3,4397.94,4494.52,4395.34
I0003,20-01-22,3,4482.73,4602.11,4477.95
I0003,19-01-22,3,4532.76,4611.55,4530.2
I0003,18-01-22,3,4577.11,4632.24,4568.7
I0003,14-01-22,3,4662.85,4665.13,4614.75
I0003,13-01-22,3,4659.03,4744.13,4650.29
I0003,12-01-22,3,4726.35,4748.83,4706.71
I0003,11-01-22,3,4713.07,4714.13,4638.27
I0003,10-01-22,3,4670.29,4673.02,4582.24
I0003,07-01-22,3,4677.03,4707.95,4662.74
I0003,06-01-22,3,4696.05,4725.01,4671.26
I0003,05-01-22,3,4700.58,4797.7,4699.44
I0003,04-01-22,3,4793.54,4818.62,4774.27
I0003,03-01-22,3,4796.56,4796.64,4758.17
I0003,31-12-21,3,4766.18,4786.83,4765.75
I0003,30-12-21,3,4778.73,4808.93,4775.33
I0003,29-12-21,3,4793.06,4804.06,4778.08
I0003,28-12-21,3,4786.35,4807.02,4780.04
I0003,27-12-21,3,4791.19,4791.49,4733.99
I0003,23-12-21,3,4725.79,4740.74,4703.96
I0003,22-12-21,3,4696.56,4697.67,4645.53
I0003,21-12-21,3,4649.23,4651.14,4583.16
I0003,20-12-21,3,4568.02,4587.9,4531.1
I0003,17-12-21,3,4620.64,4666.7,4600.22
I0003,16-12-21,3,4668.67,4731.99,4651.89
I0003,15-12-21,3,4709.85,4712.6,4611.22
I0003,14-12-21,3,4634.09,4660.47,4606.52
I0003,13-12-21,3,4668.97,4710.3,4667.6
I0003,10-12-21,3,4712.02,4713.57,4670.24
I0003,09-12-21,3,4667.45,4695.26,4665.98
I0003,08-12-21,3,4701.21,4705.06,4674.52
I0003,07-12-21,3,4686.75,4694.04,4631.97
I0003,06-12-21,3,4591.67,4612.6,4540.51
I0003,03-12-21,3,4538.43,4608.03,4495.12
I0003,02-12-21,3,4577.1,4595.46,4504.73
I0003,01-12-21,3,4513.04,4652.94,4510.27
I0003,30-11-21,3,4567,4646.02,4560
I0003,29-11-21,3,4655.27,4672.95,4625.26
I0003,26-11-21,3,4594.62,4664.63,4585.43
I0003,24-11-21,3,4701.46,4702.87,4659.89
I0003,23-11-21,3,4690.7,4699.39,4652.66
I0003,22-11-21,3,4682.94,4743.83,4682.17
I0003,19-11-21,3,4697.96,4717.75,4694.22
I0003,18-11-21,3,4704.54,4708.8,4672.78
I0003,17-11-21,3,4688.67,4701.5,4684.41
I0003,16-11-21,3,4700.9,4714.95,4679.42
I0003,15-11-21,3,4682.8,4697.42,4672.86
I0003,12-11-21,3,4682.85,4688.47,4650.77
I0003,11-11-21,3,4649.27,4664.55,4648.31
I0003,10-11-21,3,4646.71,4684.85,4630.86
I0003,09-11-21,3,4685.25,4708.53,4670.87
I0003,08-11-21,3,4701.7,4714.92,4694.39
I0003,05-11-21,3,4697.53,4718.5,4681.32
I0003,04-11-21,3,4680.06,4683,4662.59
I0003,03-11-21,3,4660.57,4663.46,4621.19
I0003,02-11-21,3,4630.65,4635.15,4613.34
I0003,01-11-21,3,4613.67,4620.34,4595.06
I0003,29-10-21,3,4605.38,4608.08,4567.59
I0003,28-10-21,3,4596.42,4597.55,4562.84
I0003,27-10-21,3,4551.68,4584.57,4551.66
I0003,26-10-21,3,4574.79,4598.53,4569.17
I0003,25-10-21,3,4566.48,4572.62,4537.36
I0003,22-10-21,3,4544.9,4559.67,4524
I0003,21-10-21,3,4549.78,4551.44,4526.89
I0003,20-10-21,3,4536.19,4540.87,4524.4
I0003,19-10-21,3,4519.63,4520.4,4496.41
I0003,18-10-21,3,4486.46,4488.75,4447.47
I0003,15-10-21,3,4471.37,4475.82,4447.69
I0003,14-10-21,3,4438.26,4439.73,4386.75
I0003,13-10-21,3,4363.8,4372.87,4329.92
I0003,12-10-21,3,4350.65,4374.89,4342.09
I0003,11-10-21,3,4361.19,4415.88,4360.59
I0003,08-10-21,3,4391.34,4412.02,4386.22
I0003,07-10-21,3,4399.76,4429.97,4383.73
I0003,06-10-21,3,4363.55,4365.57,4290.49
I0003,05-10-21,3,4345.72,4369.23,4309.87
I0003,04-10-21,3,4300.46,4355.51,4278.94
I0003,01-10-21,3,4357.038875,4357.038875,4357.038875
I0003,30-09-21,3,4307.54,4382.55,4306.24
I0003,29-09-21,3,4359.461058,4359.461058,4359.461058
I0003,28-09-21,3,4352.63,4419.54,4346.33
I0003,27-09-21,3,4443.11,4457.3,4436.19
I0003,24-09-21,3,4455.48,4463.12,4430.27
I0003,23-09-21,3,4448.98,4465.4,4406.75
I0003,22-09-21,3,4395.64,4416.75,4367.43
I0003,21-09-21,3,4354.19,4394.87,4347.96
I0003,20-09-21,3,4357.73,4402.95,4305.91
I0003,17-09-21,3,4432.99,4471.52,4427.76
I0003,16-09-21,3,4473.75,4485.87,4443.8
I0003,15-09-21,3,4480.7,4486.87,4438.37
I0003,14-09-21,3,4443.05,4485.68,4435.46
I0003,13-09-21,3,4468.73,4492.99,4445.7
I0003,10-09-21,3,4458.58,4520.47,4457.66
I0003,09-09-21,3,4493.28,4529.9,4492.07
I0003,08-09-21,3,4514.07,4521.79,4493.95
I0003,07-09-21,3,4520.03,4535.38,4513
I0003,03-09-21,3,4535.43,4541.45,4521.3
I0003,02-09-21,3,4536.95,4545.85,4524.66
I0003,01-09-21,3,4524.09,4537.11,4522.02
I0003,31-08-21,3,4522.68,4531.39,4515.8
I0003,30-08-21,3,4528.79,4537.36,4513.76
I0003,27-08-21,3,4509.37,4513.33,4474.1
I0003,26-08-21,3,4470,4495.9,4468.99
I0003,25-08-21,3,4496.19,4501.71,4485.66
I0003,24-08-21,3,4486.23,4492.81,4482.28
I0003,23-08-21,3,4479.53,4489.88,4450.29
I0003,20-08-21,3,4441.67,4444.35,4406.8
I0003,19-08-21,3,4405.8,4418.61,4367.73
I0003,18-08-21,3,4400.27,4454.32,4397.59
I0003,17-08-21,3,4448.08,4462.12,4417.83
I0003,16-08-21,3,4479.71,4480.26,4437.66
I0003,13-08-21,3,4468,4468.37,4460.82
I0003,12-08-21,3,4460.83,4461.77,4435.96
I0003,11-08-21,3,4447.7,4449.44,4436.42
I0003,10-08-21,3,4436.75,4445.21,4430.03
I0003,09-08-21,3,4432.35,4439.39,4424.74
I0003,06-08-21,3,4436.52,4440.82,4429.07
I0003,05-08-21,3,4429.1,4429.76,4408.86
I0003,04-08-21,3,4402.66,4416.17,4400.23
I0003,03-08-21,3,4423.15,4423.79,4373
I0003,02-08-21,3,4387.16,4422.18,4384.81
I0003,30-07-21,3,4395.26,4412.25,4389.65
I0003,29-07-21,3,4419.15,4429.97,4403.59
I0003,28-07-21,3,4400.64,4415.47,4387.01
I0003,27-07-21,3,4401.46,4416.38,4372.51
I0003,26-07-21,3,4422.3,4422.73,4405.45
I0003,23-07-21,3,4411.79,4415.18,4381.2
I0003,22-07-21,3,4367.48,4369.87,4350.06
I0003,21-07-21,3,4358.69,4359.7,4331.13
I0003,20-07-21,3,4323.06,4336.84,4262.05
I0003,19-07-21,3,4258.49,4296.4,4233.13
I0003,16-07-21,3,4327.16,4375.09,4322.53
I0003,15-07-21,3,4360.03,4369.02,4340.7
I0003,14-07-21,3,4374.3,4393.68,4362.36
I0003,13-07-21,3,4369.21,4392.37,4366.92
I0003,12-07-21,3,4384.63,4386.68,4364.03
I0003,09-07-21,3,4369.55,4371.6,4329.38
I0003,08-07-21,3,4320.82,4330.88,4289.37
I0003,07-07-21,3,4358.13,4361.88,4329.79
I0003,06-07-21,3,4343.54,4356.46,4314.37
I0003,02-07-21,3,4352.34,4355.43,4326.6
I0003,01-07-21,3,4319.94,4320.66,4300.73
I0003,30-06-21,3,4297.5,4302.43,4287.96
I0003,29-06-21,3,4291.8,4300.52,4287.04
I0003,28-06-21,3,4290.61,4292.14,4274.67
I0003,25-06-21,3,4280.7,4286.12,4271.16
I0003,24-06-21,3,4266.49,4271.28,4256.97
I0003,23-06-21,3,4241.84,4256.6,4241.43
I0003,22-06-21,3,4246.44,4255.84,4217.27
I0003,21-06-21,3,4224.79,4226.24,4173.4
I0003,18-06-21,3,4166.45,4204.78,4164.4
I0003,17-06-21,3,4221.86,4232.29,4196.05
I0003,16-06-21,3,4223.7,4251.89,4202.45
I0003,15-06-21,3,4246.59,4257.16,4238.35
I0003,14-06-21,3,4255.15,4255.59,4234.07
I0003,11-06-21,3,4247.44,4248.38,4232.25
I0003,10-06-21,3,4239.18,4249.74,4220.34
I0003,09-06-21,3,4219.55,4237.09,4218.74
I0003,08-06-21,3,4227.26,4236.74,4208.41
I0003,07-06-21,3,4226.52,4232.34,4215.66
I0003,04-06-21,3,4229.89,4233.45,4206.05
I0003,03-06-21,3,4192.85,4204.39,4167.93
I0003,02-06-21,3,4208.12,4217.37,4198.27
I0003,01-06-21,3,4202.04,4234.12,4197.59
I0003,28-05-21,3,4204.11,4218.36,4203.57
I0003,27-05-21,3,4200.88,4213.38,4197.78
I0003,26-05-21,3,4195.99,4202.61,4184.11
I0003,25-05-21,3,4188.13,4213.42,4182.52
I0003,24-05-21,3,4197.05,4209.52,4170.16
I0003,21-05-21,3,4155.86,4188.72,4151.72
I0003,20-05-21,3,4159.12,4172.8,4121.97
I0003,19-05-21,3,4115.68,4116.93,4061.41
I0003,18-05-21,3,4127.83,4169.15,4125.99
I0003,17-05-21,3,4163.29,4171.92,4142.69
I0003,14-05-21,3,4173.85,4183.13,4129.58
I0003,13-05-21,3,4112.5,4131.58,4074.99
I0003,12-05-21,3,4063.04,4134.73,4056.88
I0003,11-05-21,3,4152.1,4162.04,4111.53
I0003,10-05-21,3,4188.43,4236.39,4188.13
I0003,07-05-21,3,4232.6,4238.04,4201.64
I0003,06-05-21,3,4201.62,4202.7,4147.33
I0003,05-05-21,3,4167.59,4187.72,4160.94
I0003,04-05-21,3,4164.66,4179.04,4128.59
I0003,03-05-21,3,4192.66,4209.39,4188.03
I0003,30-04-21,3,4181.17,4198.1,4174.85
I0003,29-04-21,3,4211.47,4218.78,4176.81
I0003,28-04-21,3,4183.18,4201.53,4181.78
I0003,27-04-21,3,4186.72,4193.35,4176.22
I0003,26-04-21,3,4187.62,4194.19,4182.36
I0003,23-04-21,3,4180.17,4194.17,4138.78
I0003,22-04-21,3,4134.98,4179.57,4123.69
I0003,21-04-21,3,4173.42,4175.02,4126.35
I0003,20-04-21,3,4134.94,4159.18,4118.38
I0003,19-04-21,3,4163.26,4180.81,4150.47
I0003,16-04-21,3,4185.47,4191.31,4170.75
I0003,15-04-21,3,4170.42,4173.49,4139.76
I0003,14-04-21,3,4124.66,4151.69,4120.87
I0003,13-04-21,3,4141.59,4148,4124.43
I0003,12-04-21,3,4127.99,4131.76,4114.82
I0003,09-04-21,3,4128.8,4129.48,4095.51
I0003,08-04-21,3,4097.17,4098.19,4082.54
I0003,07-04-21,3,4079.95,4083.13,4068.31
I0003,06-04-21,3,4073.94,4086.23,4068.14
I0003,05-04-21,3,4077.91,4083.42,4034.44
I0003,01-04-21,3,4019.87,4020.63,3992.78
I0003,31-03-21,3,3972.89,3994.41,3966.98
I0003,30-03-21,3,3958.55,3968.01,3944.35
I0003,29-03-21,3,3971.09,3981.83,3943.25
I0003,26-03-21,3,3974.54,3978.19,3917.12
I0003,25-03-21,3,3909.52,3919.54,3853.5
I0003,24-03-21,3,3889.14,3942.08,3889.07
I0003,23-03-21,3,3910.52,3949.13,3901.57
I0003,22-03-21,3,3940.59,3955.31,3914.16
I0003,19-03-21,3,3913.1,3930.12,3886.75
I0003,18-03-21,3,3915.46,3969.62,3910.86
I0003,17-03-21,3,3974.12,3983.87,3935.74
I0003,16-03-21,3,3962.71,3981.04,3953.44
I0003,15-03-21,3,3968.94,3970.08,3923.54
I0003,12-03-21,3,3943.34,3944.99,3915.21
I0003,11-03-21,3,3939.34,3960.27,3915.54
I0003,10-03-21,3,3898.81,3917.35,3885.73
I0003,09-03-21,3,3875.44,3903.76,3851.93
I0003,08-03-21,3,3821.35,3881.06,3819.25
I0003,05-03-21,3,3841.94,3851.69,3730.19
I0003,04-03-21,3,3768.47,3843.67,3723.34
I0003,03-03-21,3,3819.72,3874.47,3818.86
I0003,02-03-21,3,3870.29,3906.41,3868.57
I0003,01-03-21,3,3901.82,3914.5,3842.51
I0003,26-02-21,3,3811.15,3861.08,3789.54
I0003,25-02-21,3,3829.34,3925.02,3814.04
I0003,24-02-21,3,3925.43,3928.65,3859.6
I0003,23-02-21,3,3881.37,3895.98,3805.59
I0003,22-02-21,3,3876.5,3902.92,3874.71
I0003,19-02-21,3,3906.71,3930.41,3903.07
I0003,18-02-21,3,3913.97,3921.98,3885.03
I0003,17-02-21,3,3931.33,3933.61,3900.43
I0003,16-02-21,3,3932.59,3950.43,3923.85
I0003,12-02-21,3,3934.83,3937.23,3905.78
I0003,11-02-21,3,3916.38,3925.99,3890.39
I0003,10-02-21,3,3909.88,3931.5,3884.94
I0003,09-02-21,3,3911.23,3918.35,3902.64
I0003,08-02-21,3,3915.59,3915.77,3892.59
I0003,05-02-21,3,3886.83,3894.56,3874.93
I0003,04-02-21,3,3871.74,3872.42,3836.66
I0003,03-02-21,3,3830.17,3847.51,3816.68
I0003,02-02-21,3,3826.31,3843.09,3791.84
I0003,01-02-21,3,3773.86,3784.32,3725.62
I0003,29-01-21,3,3714.24,3778.05,3694.12
I0003,28-01-21,3,3787.38,3830.5,3755.75
I0003,27-01-21,3,3750.77,3836.83,3732.48
I0003,26-01-21,3,3849.62,3870.9,3847.78
I0003,25-01-21,3,3855.36,3859.23,3797.16
I0003,22-01-21,3,3841.47,3852.31,3830.41
I0003,21-01-21,3,3853.07,3861.45,3845.05
I0003,20-01-21,3,3851.85,3859.75,3816.22
I0003,19-01-21,3,3798.91,3804.53,3780.37
I0003,15-01-21,3,3768.25,3788.73,3749.62
I0003,14-01-21,3,3795.54,3823.6,3792.86
I0003,13-01-21,3,3809.84,3820.96,3791.5
I0003,12-01-21,3,3801.19,3810.78,3776.51
I0003,11-01-21,3,3799.61,3817.86,3789.02
I0003,08-01-21,3,3824.68,3826.69,3783.6
I0003,07-01-21,3,3803.79,3811.55,3764.71
I0003,06-01-21,3,3748.14,3783.04,3705.34
I0003,05-01-21,3,3726.86,3737.83,3695.07
I0003,04-01-21,3,3700.65,3769.99,3662.71
I0003,31-12-20,3,3756.07,3760.2,3726.88
I0003,30-12-20,3,3732.04,3744.63,3730.21
I0003,29-12-20,3,3727.04,3756.12,3723.31
I0003,28-12-20,3,3735.36,3740.51,3723.03
I0003,24-12-20,3,3703.06,3703.82,3689.32
I0003,23-12-20,3,3690.01,3711.24,3689.28
I0003,22-12-20,3,3687.26,3698.26,3676.16
I0003,21-12-20,3,3694.92,3702.9,3636.48
I0003,18-12-20,3,3709.41,3726.7,3685.84
I0003,17-12-20,3,3722.48,3725.12,3710.87
I0003,16-12-20,3,3701.17,3711.27,3688.57
I0003,15-12-20,3,3694.62,3695.29,3659.62
I0003,14-12-20,3,3647.49,3697.61,3645.84
I0003,11-12-20,3,3663.46,3665.91,3633.4
I0003,10-12-20,3,3668.1,3678.49,3645.18
I0003,09-12-20,3,3672.82,3712.39,3660.54
I0003,08-12-20,3,3702.25,3708.45,3678.83
I0003,07-12-20,3,3691.96,3697.41,3678.88
I0003,04-12-20,3,3699.12,3699.2,3670.94
I0003,03-12-20,3,3666.72,3682.73,3657.17
I0003,02-12-20,3,3669.01,3670.96,3644.84
I0003,01-12-20,3,3662.45,3678.45,3645.87
I0003,30-11-20,3,3621.63,3634.18,3594.39
I0003,27-11-20,3,3638.35,3644.31,3629.33
I0003,25-11-20,3,3629.65,3635.5,3617.76
I0003,24-11-20,3,3635.41,3642.31,3594.52
I0003,23-11-20,3,3577.59,3589.81,3552.77
I0003,20-11-20,3,3557.54,3581.23,3556.85
I0003,19-11-20,3,3581.87,3585.22,3543.84
I0003,18-11-20,3,3567.79,3619.09,3567.33
I0003,17-11-20,3,3609.53,3623.11,3588.68
I0003,16-11-20,3,3626.91,3628.51,3600.16
I0003,13-11-20,3,3585.15,3593.66,3552.57
I0003,12-11-20,3,3537.01,3569.02,3518.58
I0003,11-11-20,3,3572.66,3581.16,3557
I0003,10-11-20,3,3545.53,3557.22,3511.91
I0003,09-11-20,3,3550.5,3645.99,3547.48
I0003,06-11-20,3,3509.44,3521.58,3484.34
I0003,05-11-20,3,3510.45,3529.05,3485.74
I0003,04-11-20,3,3443.44,3486.25,3405.17
I0003,03-11-20,3,3369.156,3389.49,3336.25
I0003,02-11-20,3,3310.24,3330.14,3279.74
I0003,30-10-20,3,3269.96,3304.93,3233.94
I0003,29-10-20,3,3310.11,3341.05,3259.82
I0003,28-10-20,3,3271.03,3342.48,3268.89
I0003,27-10-20,3,3390.68,3409.51,3388.71
I0003,26-10-20,3,3400.97,3441.42,3364.86
I0003,23-10-20,3,3465.39,3466.46,3440.45
I0003,22-10-20,3,3453.49,3460.53,3415.34
I0003,21-10-20,3,3435.56,3464.86,3433.06
I0003,20-10-20,3,3443.12,3476.93,3435.65
I0003,19-10-20,3,3426.92,3502.42,3419.93
I0003,16-10-20,3,3483.81,3515.76,3480.45
I0003,15-10-20,3,3483.34,3489.08,3440.89
I0003,14-10-20,3,3488.67,3527.94,3480.55
I0003,13-10-20,3,3511.93,3534.01,3500.86
I0003,12-10-20,3,3534.22,3549.85,3499.61
I0003,09-10-20,3,3477.13,3482.34,3458.07
I0003,08-10-20,3,3446.83,3447.28,3428.15
I0003,07-10-20,3,3419.45,3426.26,3384.56
I0003,06-10-20,3,3360.95,3431.56,3354.54
I0003,05-10-20,3,3408.63,3409.57,3367.27
I0003,02-10-20,3,3348.44,3369.1,3323.69
I0003,01-10-20,3,3380.8,3397.18,3361.39
I0003,30-09-20,3,3363,3393.56,3340.47
I0003,29-09-20,3,3335.47,3357.92,3327.54
I0003,28-09-20,3,3351.6,3360.74,3332.91
I0003,25-09-20,3,3298.46,3306.88,3228.44
I0003,24-09-20,3,3246.59,3278.7,3209.45
I0003,23-09-20,3,3236.92,3323.35,3232.57
I0003,22-09-20,3,3315.57,3320.31,3270.95
I0003,21-09-20,3,3281.06,3285.57,3229.1
I0003,18-09-20,3,3319.47,3362.27,3292.4
I0003,17-09-20,3,3357.01,3375.17,3328.82
I0003,16-09-20,3,3385.49,3428.92,3384.45
I0003,15-09-20,3,3401.2,3419.48,3389.25
I0003,14-09-20,3,3383.54,3402.93,3363.56
I0003,11-09-20,3,3340.97,3368.95,3310.47
I0003,10-09-20,3,3339.19,3425.55,3329.25
I0003,09-09-20,3,3398.96,3424.77,3366.84
I0003,08-09-20,3,3331.84,3379.97,3329.27
I0003,04-09-20,3,3426.96,3479.15,3349.63
I0003,03-09-20,3,3455.06,3564.85,3427.41
I0003,02-09-20,3,3580.84,3588.11,3535.23
I0003,01-09-20,3,3526.65,3528.03,3494.6
I0003,31-08-20,3,3500.31,3514.77,3493.25
I0003,28-08-20,3,3508.01,3509.23,3484.32
I0003,27-08-20,3,3484.55,3501.38,3468.35
I0003,26-08-20,3,3478.73,3481.07,3444.15
I0003,25-08-20,3,3443.62,3444.21,3425.84
I0003,24-08-20,3,3431.28,3432.09,3413.13
I0003,21-08-20,3,3397.16,3399.96,3379.31
I0003,20-08-20,3,3385.51,3390.8,3354.69
I0003,19-08-20,3,3374.85,3399.54,3369.66
I0003,18-08-20,3,3389.78,3395.06,3370.15
I0003,17-08-20,3,3381.99,3387.59,3379.22
I0003,14-08-20,3,3372.85,3378.51,3361.64
I0003,13-08-20,3,3373.43,3387.24,3363.35
I0003,12-08-20,3,3380.35,3387.89,3355.46
I0003,11-08-20,3,3333.69,3381.01,3326.44
I0003,10-08-20,3,3360.47,3363.29,3335.44
I0003,07-08-20,3,3351.28,3352.54,3328.72
I0003,06-08-20,3,3349.16,3351.03,3318.14
I0003,05-08-20,3,3327.77,3330.77,3317.37
I0003,04-08-20,3,3306.51,3306.84,3286.37
I0003,03-08-20,3,3294.61,3302.73,3284.53
I0003,31-07-20,3,3271.12,3272.17,3220.26
I0003,30-07-20,3,3246.22,3250.92,3204.13
I0003,29-07-20,3,3258.44,3264.74,3227.22
I0003,28-07-20,3,3218.44,3243.72,3216.17
I0003,27-07-20,3,3239.41,3241.43,3214.25
I0003,24-07-20,3,3215.63,3227.26,3200.05
I0003,23-07-20,3,3235.66,3279.99,3222.66
I0003,22-07-20,3,3276.02,3279.32,3253.1
I0003,21-07-20,3,3257.3,3277.29,3247.77
I0003,20-07-20,3,3251.84,3258.61,3215.16
I0003,17-07-20,3,3224.73,3233.52,3205.65
I0003,16-07-20,3,3215.57,3220.39,3198.59
I0003,15-07-20,3,3226.56,3238.28,3200.76
I0003,14-07-20,3,3197.52,3200.95,3127.66
I0003,13-07-20,3,3155.22,3235.32,3149.43
I0003,10-07-20,3,3185.04,3186.82,3136.22
I0003,09-07-20,3,3152.05,3179.78,3115.7
I0003,08-07-20,3,3169.94,3171.8,3136.53
I0003,07-07-20,3,3145.32,3184.15,3142.93
I0003,06-07-20,3,3179.72,3182.59,3155.29
I0003,02-07-20,3,3130.01,3165.81,3124.52
I0003,01-07-20,3,3115.86,3128.44,3101.17
I0003,30-06-20,3,3100.29,3111.51,3047.83
I0003,29-06-20,3,3053.24,3053.89,2999.74
I0003,26-06-20,3,3009.05,3073.73,3004.63
I0003,25-06-20,3,3083.76,3086.25,3024.01
I0003,24-06-20,3,3050.33,3115.01,3032.13
I0003,23-06-20,3,3131.29,3154.9,3127.12
I0003,22-06-20,3,3117.86,3120.92,3079.39
I0003,19-06-20,3,3097.74,3155.53,3083.11
I0003,18-06-20,3,3115.34,3120,3093.51
I0003,17-06-20,3,3113.49,3141.16,3108.03
I0003,16-06-20,3,3124.74,3153.45,3076.06
I0003,15-06-20,3,3066.59,3079.76,2965.66
I0003,12-06-20,3,3041.31,3088.42,2984.47
I0003,11-06-20,3,3002.1,3123.53,2999.49
I0003,10-06-20,3,3190.14,3223.27,3181.49
I0003,09-06-20,3,3207.18,3222.71,3193.11
I0003,08-06-20,3,3232.39,3233.13,3196
I0003,05-06-20,3,3193.93,3211.72,3163.84
I0003,04-06-20,3,3112.35,3128.91,3090.41
I0003,03-06-20,3,3122.87,3130.94,3098.9
I0003,02-06-20,3,3080.82,3081.07,3051.64
I0003,01-06-20,3,3055.73,3062.18,3031.54
I0003,29-05-20,3,3044.31,3049.17,2998.61
I0003,28-05-20,3,3029.73,3068.67,3023.4
I0003,27-05-20,3,3036.13,3036.25,2969.75
I0003,26-05-20,3,2991.77,3021.72,2988.17
I0003,22-05-20,3,2955.45,2956.76,2933.59
I0003,21-05-20,3,2948.51,2978.5,2938.57
I0003,20-05-20,3,2971.61,2980.29,2953.63
I0003,19-05-20,3,2922.94,2964.21,2922.35
I0003,18-05-20,3,2953.91,2968.09,2913.86
I0003,15-05-20,3,2863.7,2865.01,2816.78
I0003,14-05-20,3,2852.5,2852.8,2766.64
I0003,13-05-20,3,2820,2874.14,2793.15
I0003,12-05-20,3,2870.12,2945.82,2869.59
I0003,11-05-20,3,2930.32,2944.25,2903.44
I0003,08-05-20,3,2929.8,2932.16,2902.88
I0003,07-05-20,3,2881.19,2901.92,2876.48
I0003,06-05-20,3,2848.42,2891.11,2847.65
I0003,05-05-20,3,2868.44,2898.23,2863.55
I0003,04-05-20,3,2842.74,2844.24,2797.85
I0003,01-05-20,3,2830.71,2869.09,2821.61
I0003,30-04-20,3,2912.43,2930.91,2892.47
I0003,29-04-20,3,2939.51,2954.86,2912.16
I0003,28-04-20,3,2863.39,2921.15,2860.71
I0003,27-04-20,3,2878.48,2887.72,2852.89
I0003,24-04-20,3,2836.74,2842.71,2791.76
I0003,23-04-20,3,2797.8,2844.9,2794.26
I0003,22-04-20,3,2799.31,2815.1,2775.95
I0003,21-04-20,3,2736.56,2785.54,2727.1
I0003,20-04-20,3,2823.16,2868.98,2820.43
I0003,17-04-20,3,2874.56,2879.22,2830.88
I0003,16-04-20,3,2799.55,2806.51,2764.32
I0003,15-04-20,3,2783.36,2801.88,2761.54
I0003,14-04-20,3,2846.06,2851.85,2805.1
I0003,13-04-20,3,2761.63,2782.46,2721.17
I0003,09-04-20,3,2789.82,2818.57,2762.36
I0003,08-04-20,3,2749.98,2760.75,2663.3
I0003,07-04-20,3,2659.41,2756.89,2657.67
I0003,06-04-20,3,2663.68,2676.85,2574.57
I0003,03-04-20,3,2488.65,2538.18,2459.96
I0003,02-04-20,3,2526.9,2533.22,2455.79
I0003,01-04-20,3,2470.5,2522.75,2447.49
I0003,31-03-20,3,2584.59,2641.39,2571.15
I0003,30-03-20,3,2626.65,2631.8,2545.28
I0003,27-03-20,3,2541.47,2615.91,2520.02
I0003,26-03-20,3,2630.07,2637.01,2500.72
I0003,25-03-20,3,2475.56,2571.42,2407.53
I0003,24-03-20,3,2447.33,2449.71,2344.44
I0003,23-03-20,3,2237.4,2300.73,2191.86
I0003,20-03-20,3,2304.92,2453.01,2295.56
I0003,19-03-20,3,2409.39,2466.97,2319.78
I0003,18-03-20,3,2398.1,2453.57,2280.52
I0003,17-03-20,3,2529.19,2553.93,2367.04
I0003,16-03-20,3,2386.13,2562.98,2380.94
I0003,13-03-20,3,2711.02,2711.33,2492.37
I0003,12-03-20,3,2480.64,2660.95,2478.86
I0003,11-03-20,3,2741.38,2825.6,2707.22
I0003,10-03-20,3,2882.23,2882.59,2734
I0003,09-03-20,3,2746.56,2863.89,2734.43
I0003,06-03-20,3,2972.37,2985.93,2901.54
I0003,05-03-20,3,3023.94,3083.04,2999.83
I0003,04-03-20,3,3130.12,3130.97,3034.38
I0003,03-03-20,3,3003.37,3136.72,2976.63
I0003,02-03-20,3,3090.23,3090.96,2945.19
I0003,28-02-20,3,2954.22,2959.72,2855.84
I0003,27-02-20,3,2978.76,3097.07,2977.39
I0003,26-02-20,3,3116.39,3182.51,3108.99
I0003,25-02-20,3,3128.21,3246.99,3118.77
I0003,24-02-20,3,3225.89,3259.81,3214.65
I0003,21-02-20,3,3337.75,3360.76,3328.45
I0003,20-02-20,3,3373.23,3389.15,3341.02
I0003,19-02-20,3,3386.15,3393.52,3378.83
I0003,18-02-20,3,3370.29,3375.01,3355.61
I0003,14-02-20,3,3380.16,3380.69,3366.15
I0003,13-02-20,3,3373.94,3385.09,3360.52
I0003,12-02-20,3,3379.45,3381.47,3369.72
I0003,11-02-20,3,3357.75,3375.63,3352.72
I0003,10-02-20,3,3352.09,3352.26,3317.77
I0003,07-02-20,3,3327.71,3341.42,3322.12
I0003,06-02-20,3,3345.78,3347.96,3334.39
I0003,05-02-20,3,3334.69,3337.58,3313.75
I0003,04-02-20,3,3297.59,3306.92,3280.61
I0003,03-02-20,3,3248.92,3268.44,3235.66
I0003,31-01-20,3,3225.52,3282.33,3214.68
I0003,30-01-20,3,3283.66,3285.91,3242.8
I0003,29-01-20,3,3273.4,3293.47,3271.89
I0003,28-01-20,3,3276.24,3285.78,3253.22
I0003,27-01-20,3,3243.63,3258.85,3234.5
I0003,24-01-20,3,3295.47,3333.18,3281.53
I0003,23-01-20,3,3325.54,3326.88,3301.87
I0003,22-01-20,3,3321.75,3337.77,3320.04
I0003,21-01-20,3,3320.79,3329.79,3316.61
I0003,17-01-20,3,3329.62,3329.88,3318.86
I0003,16-01-20,3,3316.81,3317.11,3302.82
I0003,15-01-20,3,3289.29,3298.66,3280.69
I0003,14-01-20,3,3283.15,3294.25,3277.19
I0003,13-01-20,3,3288.13,3288.13,3268.43
I0003,10-01-20,3,3265.35,3282.99,3260.86
I0003,09-01-20,3,3274.7,3275.58,3263.67
I0003,08-01-20,3,3253.05,3267.07,3236.67
I0003,07-01-20,3,3237.18,3244.91,3232.43
I0003,06-01-20,3,3246.28,3246.84,3214.64
I0003,03-01-20,3,3234.85,3246.15,3222.34
I0003,02-01-20,3,3257.85,3258.14,3235.53
